<?xml version="1.0" encoding="utf-8" ?>
<Environment>
    <!-- Timeout -->
    <Timeout>10</Timeout>

    <!-- General -->
    <PlatformName>electron</PlatformName>

    <!-- Web -->
    <BrowserName>chrome</BrowserName>
    <url>https://bitrix24.net/</url>
    <ImageRepo>C:\\Automation\\FinalProject\\ImageRepository\\</ImageRepo>

    <!-- Data Driven Testing -->
    <DDTFile>./DDTFiles/users.csv</DDTFile>

    <!-- Mobile -->
    <UDID>R58MA3Q79CE</UDID>
    <APP_PACKAGE>com.shivgadhia.android.ukMortgageCalc</APP_PACKAGE>
    <APP_ACTIVITY>.MainActivity</APP_ACTIVITY>
    <APPIUMServer>http://localhost:4723/wd/hub</APPIUMServer>

    <!-- API -->
    <urlAPI>http://localhost:3000/</urlAPI>

    <!-- Authorization API -->
    <UserName>admin</UserName>
    <Password>admin</Password>

    <!-- Electron -->
    <ElectronDriverPath>./Drivers/electron.exe</ElectronDriverPath>
    <ElectronAppPath>C:/Users/blank/AppData/Local/Programs/todolist/Todolist.exe</ElectronAppPath>

</Environment>